Run,No Visuals Time,Visuals Time
1,0.0005543999141082168,3.8912250000284985
2,0.0005713999271392822,3.9205955000361428
3,0.0005795999895781279,3.911766599980183
4,0.0005553999217227101,3.9033167000161484
5,0.0005787999834865332,3.920602699974552
6,0.0005526000168174505,3.889070700039156
7,0.0005599999567493796,3.8986198999918997
8,0.000582600012421608,3.876839500037022
9,0.0005584999453276396,3.8627978999866173
10,0.0005514000076800585,3.8628075999440625
