Run,No Visuals Time,Visuals Time
1,0.019654100004117936,0
2,0.025106500019319355,0
3,0.0203233000356704,0
4,0.004701400001067668,0
5,0.033274699992034584,0
6,0.0246284999884665,0
7,0.021809600002598017,0
8,0.02949109999462962,0
9,0.0319620999507606,0
10,0.02468360000057146,0
